timestamp,ingestionTime,message,eventId,logStreamName
1747668571066,1747668575894,"The files belonging to this database system will be owned by user ""postgres"".",38974311494822974630723082291887095792850859753487466496,ecs/db/0c7bf9c38cf74a32b30b0134eb8008b3
1747668571066,1747668575894,This user must also own the server process.,38974311494822974630723082291887095792850859753487466497,ecs/db/0c7bf9c38cf74a32b30b0134eb8008b3
1747668571066,1747668575894,"The database cluster will be initialized with locale ""en_US.utf8"".",38974311494822974630723082291887095792850859753487466498,ecs/db/0c7bf9c38cf74a32b30b0134eb8008b3
1747668571066,1747668575894,"The default database encoding has accordingly been set to ""UTF8"".",38974311494822974630723082291887095792850859753487466499,ecs/db/0c7bf9c38cf74a32b30b0134eb8008b3
1747668571066,1747668575894,"The default text search configuration will be set to ""english"".",38974311494822974630723082291887095792850859753487466500,ecs/db/0c7bf9c38cf74a32b30b0134eb8008b3
1747668571066,1747668575894,Data page checksums are disabled.,38974311494822974630723082291887095792850859753487466501,ecs/db/0c7bf9c38cf74a32b30b0134eb8008b3
1747668571067,1747668575894,fixing permissions on existing directory /var/lib/postgresql/data ... ok,38974311494845275375921612915028631511123508114993446918,ecs/db/0c7bf9c38cf74a32b30b0134eb8008b3
1747668571067,1747668575894,creating subdirectories ... ok,38974311494845275375921612915028631511123508114993446919,ecs/db/0c7bf9c38cf74a32b30b0134eb8008b3
1747668571068,1747668575894,selecting dynamic shared memory implementation ... posix,38974311494867576121120143538170167229396156476499427336,ecs/db/0c7bf9c38cf74a32b30b0134eb8008b3
1747668571085,1747668575894,selecting default max_connections ... 100,38974311495246688789495164131576274440031178622101094409,ecs/db/0c7bf9c38cf74a32b30b0134eb8008b3
1747668571108,1747668575894,selecting default shared_buffers ... 128MB,38974311495759605929061368463831595960302090936738643978,ecs/db/0c7bf9c38cf74a32b30b0134eb8008b3
1747668571167,1747668575894,selecting default time zone ... UTC,38974311497075349895774675229182203338388344265591488523,ecs/db/0c7bf9c38cf74a32b30b0134eb8008b3
1747668571170,1747668575894,creating configuration files ... ok,38974311497142252131370267098606810493206289350109429772,ecs/db/0c7bf9c38cf74a32b30b0134eb8008b3
1747668571385,1747668575894,running bootstrap script ... ok,38974311501936912349054351074036989921825687073895219213,ecs/db/0c7bf9c38cf74a32b30b0134eb8008b3
1747668571965,1747668575894,sh: locale: not found,38974311514871344564202112496127706519961736747363860494,ecs/db/0c7bf9c38cf74a32b30b0134eb8008b3
1747668571965,1747668575894,2025-05-19 15:29:31.912 UTC [33] WARNING:  no usable system locales were found,38974311514871344564202112496127706519961736747363860495,ecs/db/0c7bf9c38cf74a32b30b0134eb8008b3
1747668573269,1747668575894,performing post-bootstrap initialization ... ok,38974311543951516303086045072690283147495200151162322960,ecs/db/0c7bf9c38cf74a32b30b0134eb8008b3
1747668573378,1747668575894,syncing data to disk ... ok,38974311546382297529725882995117676439213871555314188305,ecs/db/0c7bf9c38cf74a32b30b0134eb8008b3
1747668573378,1747668575894,Success. You can now start the database server using:,38974311546382297529725882995117676439213871555314188306,ecs/db/0c7bf9c38cf74a32b30b0134eb8008b3
1747668573378,1747668575894,    pg_ctl -D /var/lib/postgresql/data -l logfile start,38974311546382297529725882995117676439213871555314188307,ecs/db/0c7bf9c38cf74a32b30b0134eb8008b3
1747668573379,1747668575894,"initdb: warning: enabling ""trust"" authentication for local connections",38974311546404598274924413618259212157486519916820168724,ecs/db/0c7bf9c38cf74a32b30b0134eb8008b3
1747668573379,1747668575894,"You can change this by editing pg_hba.conf or using the option -A, or",38974311546404598274924413618259212157486519916820168725,ecs/db/0c7bf9c38cf74a32b30b0134eb8008b3
1747668573379,1747668575894,'"--auth-local and --auth-host, the next time you run initdb.",38974311546404598274924413618259212157486519916820168726,ecs/db/0c7bf9c38cf74a32b30b0134eb8008b3
1747668573453,1747668575894,"waiting for server to start....2025-05-19 15:29:33.452 UTC [39] LOG:  starting PostgreSQL 13.21 on x86_64-pc-linux-musl, compiled by gcc (Alpine 14.2.0) 14.2.0, 64-bit",38974311548054853419615679730732855309662498668262719511,ecs/db/0c7bf9c38cf74a32b30b0134eb8008b3
1747668573459,1747668575894,"2025-05-19 15:29:33.458 UTC [39] LOG:  listening on Unix socket ""/var/run/postgresql/.s.PGSQL.5432""",38974311548188657890806863469582069619298388837298602008,ecs/db/0c7bf9c38cf74a32b30b0134eb8008b3
1747668573465,1747668575894,2025-05-19 15:29:33.464 UTC [40] LOG:  database system was shut down at 2025-05-19 15:29:33 UTC,38974311548322462361998047208431283928934279006334484505,ecs/db/0c7bf9c38cf74a32b30b0134eb8008b3
1747668573471,1747668575894,2025-05-19 15:29:33.470 UTC [39] LOG:  database system is ready to accept connections,38974311548456266833189230947280498238570169175370367002,ecs/db/0c7bf9c38cf74a32b30b0134eb8008b3
1747668573515,1747668575894, done,38974311549437499621924578365508069842566697081633505307,ecs/db/0c7bf9c38cf74a32b30b0134eb8008b3
1747668573515,1747668575894,server started,38974311549437499621924578365508069842566697081633505308,ecs/db/0c7bf9c38cf74a32b30b0134eb8008b3
1747668573690,1747668575894,CREATE DATABASE,38974311553340130031667437415276820540280160345180078109,ecs/db/0c7bf9c38cf74a32b30b0134eb8008b3
1747668573690,1747668575894,/usr/local/bin/docker-entrypoint.sh: ignoring /docker-entrypoint-initdb.d/*,38974311553340130031667437415276820540280160345180078110,ecs/db/0c7bf9c38cf74a32b30b0134eb8008b3
1747668573690,1747668575894,2025-05-19 15:29:33.689 UTC [39] LOG:  received fast shutdown request,38974311553340130031667437415276820540280160345180078111,ecs/db/0c7bf9c38cf74a32b30b0134eb8008b3
1747668573695,1747668575894,waiting for server to shut down....2025-05-19 15:29:33.692 UTC [39] LOG:  aborting any active transactions,38974311553451633757660090530984499131643402152709980192,ecs/db/0c7bf9c38cf74a32b30b0134eb8008b3
1747668573710,1747668575894,"2025-05-19 15:29:33.703 UTC [39] LOG:  background worker ""logical replication launcher"" (PID 46) exited with exit code 1",38974311553786144935638049878107534905733127575299686433,ecs/db/0c7bf9c38cf74a32b30b0134eb8008b3
1747668573710,1747668575894,2025-05-19 15:29:33.707 UTC [41] LOG:  shutting down,38974311553786144935638049878107534905733127575299686434,ecs/db/0c7bf9c38cf74a32b30b0134eb8008b3
1747668573728,1747668575894,2025-05-19 15:29:33.721 UTC [39] LOG:  database system is shut down,38974311554187558349211601094655177834640798082407333923,ecs/db/0c7bf9c38cf74a32b30b0134eb8008b3
1747668573806,1747668575894, done,38974311555927016474696989699694963859907370279873806372,ecs/db/0c7bf9c38cf74a32b30b0134eb8008b3
1747668573806,1747668575894,server stopped,38974311555927016474696989699694963859907370279873806373,ecs/db/0c7bf9c38cf74a32b30b0134eb8008b3
1747668573806,1747668575894,PostgreSQL init process complete; ready for start up.,38974311555927016474696989699694963859907370279873806374,ecs/db/0c7bf9c38cf74a32b30b0134eb8008b3
1747668573832,1747668575894,"2025-05-19 15:29:33.831 UTC [1] LOG:  starting PostgreSQL 13.21 on x86_64-pc-linux-musl, compiled by gcc (Alpine 14.2.0) 14.2.0, 64-bit",38974311556506835849858785901374892534996227679029297191,ecs/db/0c7bf9c38cf74a32b30b0134eb8008b3
1747668573839,1747668575894,"2025-05-19 15:29:33.838 UTC [1] LOG:  listening on IPv4 address ""0.0.0.0"", port 5432",38974311556662941066248500263365642562904766209571160104,ecs/db/0c7bf9c38cf74a32b30b0134eb8008b3
1747668573839,1747668575894,"2025-05-19 15:29:33.838 UTC [1] LOG:  listening on IPv6 address ""::"", port 5432",38974311556662941066248500263365642562904766209571160105,ecs/db/0c7bf9c38cf74a32b30b0134eb8008b3
1747668573869,1747668575894,"2025-05-19 15:29:33.844 UTC [1] LOG:  listening on Unix socket ""/var/run/postgresql/.s.PGSQL.5432""",38974311557331963422204418957611714111084217054750572586,ecs/db/0c7bf9c38cf74a32b30b0134eb8008b3
1747668573869,1747668575894,2025-05-19 15:29:33.851 UTC [54] LOG:  database system was shut down at 2025-05-19 15:29:33 UTC,38974311557331963422204418957611714111084217054750572587,ecs/db/0c7bf9c38cf74a32b30b0134eb8008b3
1747668573869,1747668575894,2025-05-19 15:29:33.856 UTC [1] LOG:  database system is ready to accept connections,38974311557331963422204418957611714111084217054750572588,ecs/db/0c7bf9c38cf74a32b30b0134eb8008b3